{"test_loss": 0.13312622581212782, "_timestamp": 1690569620.3048465, "_runtime": 286.2544844150543, "_step": 2}