{"test_loss": 1.3819598350524902, "_timestamp": 1690567931.304767, "_runtime": 311.3702929019928, "_step": 0}